<?xml version="1.0" encoding="UTF-8"?><?xml-stylesheet type='text/xsl' href='_UpgradeReport_Files/UpgradeReport.xslt'?><UpgradeLog>
<Properties><Property Name="Solution" Value="Northwind">
</Property><Property Name="Solution File" Value="C:\mydocs\src\Northwind\Northwind.sln">
</Property><Property Name="Date" Value="Sunday, December 02, 2007">
</Property><Property Name="Time" Value="20:54 PM">
</Property></Properties><Event ErrorLevel="0" Project="Northwind.Domain" Source="Northwind.Domain\Northwind.Domain.csproj" Description="Project converted successfully">
</Event><Event ErrorLevel="3" Project="Northwind.Domain" Source="Northwind.Domain\Northwind.Domain.csproj" Description="Converted">
</Event><Event ErrorLevel="0" Project="Northwind.Domain.Tests" Source="Northwind.Domain.Tests\Northwind.Domain.Tests.csproj" Description="Project converted successfully">
</Event><Event ErrorLevel="3" Project="Northwind.Domain.Tests" Source="Northwind.Domain.Tests\Northwind.Domain.Tests.csproj" Description="Converted">
</Event><Event ErrorLevel="0" Project="" Source="Northwind.sln" Description="Solution converted successfully">
</Event><Event ErrorLevel="3" Project="" Source="Northwind.sln" Description="Converted">
</Event><Event ErrorLevel="0" Project="Northwind.Domain" Source="Northwind.Domain\Northwind.Domain.csproj" Description="Scan complete: Upgrade not required for project files.">
</Event><Event ErrorLevel="0" Project="Northwind.Domain.Tests" Source="Northwind.Domain.Tests\Northwind.Domain.Tests.csproj" Description="Scan complete: Upgrade not required for project files.">
</Event></UpgradeLog>